team_id,route_eff
TeamA1,0.8553997562047245
TeamA2,0.8445293066146823
TeamA3,0.8184231789323949
TeamB,0.861993457754946
